tau,x0,x1,x2,v0,v1,v2,eps,phi,K,zone,dwell
0.0,0.6888437030500962,0.515908805880605,-0.15885683833831,0.0,0.0,0.0,1.0,0.0,0.49479498229261987,U,1
0.05,0.6888265869828466,0.5158994825513405,-0.15885396753153513,-0.00034232134499267985,-0.0001864665852890912,5.7416135497423415e-05,0.9876301254426845,0.0,0.4947948270417336,U,2
0.1,0.6887923547729087,0.5158808357832565,-0.15884822588425146,-0.0006846441987576335,-0.00037293536168103714,0.00011483294567321556,0.975413268515194,0.0,0.49479451653610634,F,0
0.15000000000000002,0.68874100626947,0.5158528653572679,-0.1588396133289992,-0.0010269700687737249,-0.0005594085197707654,0.00017225110504476282,0.9633475400997471,0.0,0.49479405076803185,F,1
0.2,0.6886725412464738,0.5158155709448103,-0.15882812976460792,-0.0013693004599246716,-0.0007458882491526153,0.00022967128782552804,0.9514310743081628,0.0,0.4947934297259587,F,2
0.25,0.6885869594028134,0.5157689521079155,-0.1588137750562199,-0.001711636873207023,-0.000932376737895757,0.0002870941677599048,0.939662028198043,0.0,0.4947926533945001,F,3
0.3,0.6884842603625918,0.5157130082993129,-0.1587965490353216,-0.0020539808044339747,-0.0011188761720515306,0.00034452041796639854,0.9280385814923888,0.0,0.4947917217544465,F,3
0.35,0.6883644436754452,0.5156477388625554,-0.15877645149978192,-0.002396333742932244,-0.0013053887351496818,0.00040195071079329736,0.9165589363026095,0.0,0.49479063478278174,F,3
0.39999999999999997,0.6882275088169331,0.5155731430321714,-0.15875348221389946,-0.0027386971702444973,-0.001491916607680721,0.0004593857176493632,0.9052213168548846,0.0,0.49478939245270237,F,3
0.44999999999999996,0.6880734551889915,0.5154892199338418,-0.1587276409084569,-0.003081072558830389,-0.0016784619665921596,0.0005168261088511761,0.8940239692198381,0.0,0.49478799473364,F,3
0.49999999999999994,0.6879022821204537,0.5153959685846023,-0.15869892728078322,-0.0034234613707564976,-0.0018650269847875212,0.000574272553473254,0.8829651610454857,0.0,0.49478644159128715,F,3
0.5499999999999999,0.6877139888676339,0.5152933878930724,-0.1586673409948242,-0.0037658650563959783,-0.002051613830598986,0.0006317257191801318,0.8720431812934164,0.0,0.49478473298762626,F,3
0.6,0.6875085746149779,0.5151814766597078,-0.1586328816812204,-0.004108285053119887,-0.002238224667291955,0.0006891862720764808,0.8612563399781679,0.0,0.4947828688809619,F,3
0.65,0.6872860384757786,0.5150602335770808,-0.15859554893739286,-0.004450722783985728,-0.0024248616525404665,0.0007466548765502901,0.85060296790976,0.0,0.49478084922595605,F,3
0.7000000000000001,0.6870463794929575,0.5149296572301847,-0.15855534232763774,-0.004793179656421842,-0.0026115269379206607,0.0008041321951021696,0.8400814164393472,0.0,0.49477867397366737,F,3
0.7500000000000001,0.6867895966399119,0.5147897460967655,-0.1585122613832277,-0.005135657060913179,-0.002798222668383421,0.0008616188882010212,0.8296900572079526,0.0,0.4947763430715929,F,3
0.8000000000000002,0.686515688821428,0.5146404985476783,-0.158466305602522,-0.005478156369678744,-0.0029849509817436726,0.0009191156141133416,0.8194272818982473,0.0,0.4947738564637135,F,3
0.8500000000000002,0.6862246548746608,0.5144819128472707,-0.1584174744510844,-0.005820678935344881,-0.003171714008151638,0.000976623028751955,0.809291501989338,0.0,0.494771214090543,F,3
0.9000000000000002,0.6859164935701798,0.5143139871537917,-0.15836576736180927,-0.0061632260896185564,-0.0033585138695793604,0.0010341417855025403,0.7992811485145274,0.0,0.4947684158891795,F,3
0.9500000000000003,0.6855912036130821,0.5141367195198275,-0.1583111837350556,-0.006505799141953705,-0.003545352679283631,0.001091672535073751,0.789394671822012,0.0,0.4947654617933617,F,3
1.0000000000000002,0.6852487836441713,0.5139501078927635,-0.15825372293878925,-0.006848399378216186,-0.003732232541280023,0.0011492159253265188,0.779630541338481,0.0,0.4947623517335271,F,3
1.0500000000000003,0.6848892322412043,0.5137541501152729,-0.15819338430873353,-0.007191028059339022,-0.003919155549812758,0.0012067726011144586,0.7699872453355833,0.0,0.49475908563687443,F,3
1.1000000000000003,0.6845125479202057,0.513548843925832,-0.15813016714852773,-0.007533686419974872,-0.004106123788819027,0.0012643432041159475,0.760463290699226,0.0,0.4947556634274295,F,3
1.1500000000000004,0.6841187291368489,0.5133341869592626,-0.15806407072989428,-0.007876375667136004,-0.00429313933138914,0.001321928372668979,0.7510572027016735,0.0,0.49475208502611395,F,3
1.2000000000000004,0.6837077742879064,0.5131101767473014,-0.15799509429281383,-0.008219096978849538,-0.004480204239223906,0.0013795287416087931,0.7417675247764102,0.0,0.49474835035081827,F,3
1.2500000000000004,0.6832796817127673,0.5128768107191966,-0.15792323704570926,-0.00856185150278077,-0.004667320562096178,0.0014371449420916282,0.7325928182957367,0.0,0.49474445931647754,F,3
1.3000000000000005,0.6828344496950239,0.5126340862023319,-0.15784849816563765,-0.008904640354867599,-0.00485449033729296,0.001494777601432351,0.7235316623510653,0.0,0.4947404118351513,F,3
1.3500000000000005,0.6823720764641268,0.5123820004228784,-0.1577708767984911,-0.009247464617942458,-0.005041715589068629,0.0015524273429309843,0.7145826535358818,0.0,0.4947362078161065,F,3
1.4000000000000006,0.6818925601971095,0.5121205505064741,-0.15769037205920572,-0.009590325340345929,-0.0052289983280856545,0.001610094785707561,0.705744405731344,0.0,0.4947318471659046,F,3
1.4500000000000006,0.6813958990203828,0.5118497334789314,-0.15760698303197979,-0.009933223534536184,-0.005416340550855325,0.0016677805445189375,0.6970155498944822,0.0,0.49472732978849177,F,3
1.5000000000000007,0.6808820910115981,0.5115695462669726,-0.15752070877050017,-0.010276160175692883,-0.005603744239175701,0.0017254852295922607,0.6883947338489733,0.0,0.4947226555852927,F,3
1.5500000000000007,0.6803511342015826,0.5112799856989948,-0.1574315482981778,-0.010619136200311352,-0.005791211359555681,0.0017832094464473314,0.6798806220784559,0.0,0.4947178244553087,F,3
1.6000000000000008,0.6798030265763432,0.5109810485058626,-0.1573395006083914,-0.010962152504788436,-0.005978743862644631,0.001840953795727296,0.6714718955223565,0.0,0.49471283629521884,F,3
1.6500000000000008,0.6792377660791431,0.5106727313217297,-0.15724456466474127,-0.011305209944001415,-0.00616634368265645,0.0018987188730029692,0.6631672513741967,0.0,0.4947076909994853,F,3
1.7000000000000008,0.678655350612649,0.5103550306848907,-0.1571467394013106,-0.011648309329881368,-0.006354012736781156,0.00195650526861324,0.6549654028823516,0.0,0.49470238846046205,F,3
1.7500000000000009,0.6780557780411504,0.5100279430386606,-0.15704602372293708,-0.011991451429974043,-0.006541752924603406,0.0020143135674707824,0.6468650791532299,0.0,0.4946969285685078,F,3
1.800000000000001,0.677439046192851,0.5096914647322858,-0.15694241650549307,-0.012334636965988244,-0.006729566127496034,0.002072144348880256,0.6388650249568467,0.0,0.49469131121210247,F,3
1.850000000000001,0.6768051528622333,0.509345592021884,-0.1568359165961751,-0.012677866612353927,-0.0069174542080358,0.002129998186359283,0.6309640005347603,0.0,0.4946855362779677,F,3
1.900000000000001,0.6761540958124961,0.5089903210714144,-0.15672652281380248,-0.013021140994744218,-0.007105419009392766,0.0021878756474524863,0.6231607814103446,0.0,0.4946796036511914,F,3
1.950000000000001,0.6754858727780652,0.5086256479536784,-0.1566142339491256,-0.01336446068861824,-0.007293462354719671,0.002245777293537199,0.6154541582013687,0.0,0.49467351321535574,F,3
2.000000000000001,0.674800481467179,0.5082515686513516,-0.15649904876514345,-0.013707826217723706,-0.0074815860465371475,0.0023037036796430543,0.607842936434857,0.0,0.4946672648526698,F,3
2.0500000000000007,0.6740979195645481,0.5078680790580461,-0.15638096599743112,-0.014051238052616155,-0.007669791866110609,0.0023616553542465946,0.6003259363642008,0.0,0.4946608584441059,F,3
2.1000000000000005,0.6733781847340905,0.5074751749794048,-0.15625998435447636,-0.014394696609151825,-0.007858081572827136,0.0024196328590950222,0.5929019927884964,0.0,0.4946542938695399,F,3
2.1500000000000004,0.6726412746217415,0.5070728521342267,-0.1561361025180264,-0.014738202246979137,-0.008046456903559873,0.0024776367289994217,0.5855699548740805,0.0,0.494647571007896,F,3
2.2,0.6718871868583405,0.5066611061556254,-0.15600931914344437,-0.01508175526802047,-0.00823491957202549,0.00253566749164047,0.5783286859782388,0.0,0.49464068973729564,F,3
2.25,0.6711159190625939,0.5062399325922183,-0.1558796328600756,-0.015425355914930328,-0.008423471268141636,0.002593725667375535,0.5711770634750604,0.0,0.4946336499352097,F,3
2.3,0.6703274688441156,0.5058093269093498,-0.15574704227162428,-0.015769004369564632,-0.008612113657371911,0.0026518117690263465,0.5641139785834117,0.0,0.4946264514786168,F,3
2.3499999999999996,0.6695218338065446,0.5053692844903463,-0.15561154595654011,-0.01611270075142085,-0.00880084838006806,0.0027099263016833186,0.5571383361970068,0.0,0.4946190942441638,F,3
2.3999999999999995,0.6686990115507405,0.5049198006378061,-0.1554731424684149,-0.016456445116082297,-0.008989677050805223,0.0027680697625043216,0.5502490547165452,0.0,0.49461157810833234,F,3
2.4499999999999993,0.667858999678059,0.504460870574921,-0.15533183033639014,-0.016800237453630518,-0.009178601257703312,0.0028262426404954133,0.543445065883896,0.0,0.4946039029476087,F,3
2.499999999999999,0.6670017957937054,0.5039924894468331,-0.15518760806557452,-0.01714407768707016,-0.009367622561756717,0.0028844454163123867,0.5367253146183011,0.0,0.49459606863865846,F,3
2.549999999999999,0.6661273975101689,0.5035146523220262,-0.15504047413747224,-0.01748796567073163,-0.009556742496137638,0.002942678562045664,0.5300887588545746,0.0,0.49458807505850577,F,3
2.5999999999999988,0.6652358024507357,0.5030273541937511,-0.1548904270104221,-0.017831901188664068,-0.009745962565502198,0.003000942541002416,0.5235343693832737,0.0,0.49457992208471685,F,3
2.6499999999999986,0.6643270082530852,0.5025305899814865,-0.15473746512004719,-0.018175883953008842,-0.009935284245293774,0.003059237807498394,0.5170611296928174,0.0,0.49457160959558816,F,3
2.6999999999999984,0.6634010125729665,0.5020243545324349,-0.15458158687971552,-0.018519913602374483,-0.01012470898103246,0.0031175648066331108,0.5106680358135302,0.0,0.49456313747033925,F,3
2.7499999999999982,0.6624578130879566,0.5015086426230551,-0.15442279068101206,-0.018863989700196315,-0.01031423818759758,0.0031759239740691836,0.5043540961635863,0.0,0.4945545055893102,F,3
2.799999999999998,0.6614974075013029,0.5009834489606302,-0.15426107489422125,-0.019208111733073907,-0.01050387324849772,0.0032343157358158403,0.49811833139683315,0.0,0.49454571383416385,F,3
2.849999999999998,0.6605197935458474,0.5004487681848728,-0.15409643786882155,-0.019552279109109894,-0.010693615515147692,0.003292740507994385,0.4919597742524699,0.0,0.49453676208809244,F,3
2.8999999999999977,0.6595249689880356,0.4999045948695666,-0.1539288779339908,-0.019896491156237706,-0.01088346630612469,0.0033511986966147655,0.48587746940655974,0.0,0.49452765023602974,F,3
2.9499999999999975,0.6585129316320096,0.4993509235242458,-0.1537583933991234,-0.020240747120518765,-0.011073426906416106,0.003409690697347978,0.4798704733253534,0.0,0.49451837816486705,F,3
2.9999999999999973,0.657483679323787,0.49878774859591274,-0.15358498255435896,-0.020585046164450782,-0.011263498566661811,0.003468216895288756,0.47393785412040185,0.0,0.4945089457636752,F,3
3.049999999999997,0.6564372099555248,0.49821506447079256,-0.15340864367112297,-0.020929387365244134,-0.011453682502403362,0.003526777664719649,0.4680786914054374,0.0,0.4944993529239304,F,3
3.099999999999997,0.6553735214698695,0.4976328654761279,-0.15322937500267908,-0.02127376971310657,-0.011643979893292966,0.0035853733688778755,0.4622920761550007,0.0,0.4944895995397456,F,3
3.149999999999997,0.6542926118643948,0.49704114588201176,-0.15304717478469387,-0.021618192109494616,-0.01183439188232327,0.003644004359704134,0.45657711056479355,0.0,0.49447968550810734,F,3
3.1999999999999966,0.6531944791961263,0.4964398999032602,-0.15286204123581298,-0.02196265336537051,-0.012024919575030768,0.0037026709776177835,0.4509329079137366,0.0,0.4944696107291166,F,3
3.2499999999999964,0.6520791215861548,0.49582912170132487,-0.15267397255825033,-0.022307152199430025,-0.012215564038706161,0.0037613735512531665,0.44535859242771025,0.0,0.4944593751062357,F,3
3.2999999999999963,0.6509465372243379,0.49520880538624573,-0.15248296693838928,-0.022651687236337203,-0.012406326301582504,0.0038201123972209095,0.4398532991449603,0.0,0.4944489785465398,F,3
3.349999999999996,0.6497967243740916,0.4945789450186449,-0.15228902254739665,-0.022996257004925802,-0.012597207352016415,0.0038788878198525722,0.4344161737831465,0.0,0.49443842096097385,F,3
3.399999999999996,0.648629681377271,0.49393953461176154,-0.15209213754184925,-0.023340859936413216,-0.0127882081376679,0.0039377001109480725,0.4290463726080153,0.0,0.49442770226461447,F,3
3.4499999999999957,0.6474454066591422,0.4932905681335281,-0.15189231006437323,-0.023685494362575554,-0.012979329564669073,0.003996549549520334,0.4237430623036766,0.0,0.494416822376938,F,3
3.4999999999999956,0.6462438987334457,0.4926320395086895,-0.15168953824429643,-0.024030158513931033,-0.01317057249677206,0.0040554364015357725,0.41850541984446515,0.0,0.49440578122209267,F,3
3.5499999999999954,0.6450251562075507,0.4919639426209638,-0.15148382019831402,-0.024374850517898394,-0.013361937754513553,0.0041143609196478415,0.4133326323683681,0.0,0.4943945787291767,F,3
3.599999999999995,0.643789177787703,0.4912862713152468,-0.151275154031167,-0.024719568396956715,-0.013553426114340517,0.004173323342940294,0.4082238970519986,0.0,0.49438321483252223,F,3
3.649999999999995,0.6425359622843642,0.49059901939985917,-0.1510635378363344,-0.025064310066776063,-0.013745038307752533,0.004232323896652401,0.4031784209870979,0.0,0.494371689471984,F,3
3.699999999999995,0.6412655086176463,0.4899021806488384,-0.15084896969673878,-0.02540907333435788,-0.013936775020415015,0.004291362791912501,0.39819542105854694,0.0,0.4943600025932336,F,3
3.7499999999999947,0.6399778158228393,0.4891957488042746,-0.15063144768546555,-0.025753855896139266,-0.01412863689127658,0.004350440225464602,0.393274123823869,0.0,0.49434815414805994,F,3
3.7999999999999945,0.6386728830560342,0.4884797175786909,-0.150410969866496,-0.02609865533610284,-0.01432062451167393,0.004409556379390833,0.38841376539420586,0.0,0.4943361440946741,F,3
3.8499999999999943,0.6373507095998405,0.4877540806574696,-0.15018753429545437,-0.026443469123872687,-0.01451273842442563,0.004468711420832494,0.3836135913167492,0.0,0.494323972398021,F,3
3.899999999999994,0.6360112948692007,0.4870188317013238,-0.14996113902036867,-0.02678829461279647,-0.014704979122916184,0.004527905501713891,0.3788728564586101,0.0,0.4943116390300958,F,3
3.949999999999994,0.6346546384172999,0.48627396434881504,-0.1497317820824462,-0.0271331290380164,-0.014897347050175924,0.004587138758449516,0.3741908248921083,0.0,0.4942991439702659,F,3
3.999999999999994,0.6332807399415734,0.4855194722189176,-0.1494994615168628,-0.027477969514527745,-0.015089842597948433,0.004646411311667875,0.3695667697814659,0.0,0.49428648720559965,F,3
4.049999999999994,0.6318895992898119,0.48475534891363037,-0.1492641753535675,-0.027822813035230376,-0.015282466105745462,0.004705723265906181,0.3649999732708859,0.0,0.49427366873119954,F,3
4.099999999999993,0.6304812164663633,0.4839815880206354,-0.14902592161810094,-0.028167656468970625,-0.015475217859899082,0.004765074709331407,0.3604897263740011,0.0,0.4942606885505416,F,3
4.149999999999993,0.629055591638435,0.4831981831160054,-0.1487846983324289,-0.02851249655856647,-0.015668098092599947,0.004824465713440529,0.35603532886467587,0.0,0.49424754667582066,F,3
4.199999999999993,0.6276127251424932,0.48240512776695865,-0.14854050351579087,-0.028857329918835495,-0.01586110698093418,0.004883896332760762,0.35163608916914374,0.0,0.4942342431283012,F,3
4.249999999999993,0.6261526174907632,0.4816024155346638,-0.14829333518556337,-0.029202153034599276,-0.016054244645896665,0.004943366604549804,0.34729132425946607,0.0,0.494220777938674,F,3
4.299999999999993,0.6246752693778294,0.48079003997709313,-0.14804319135813884,-0.029546962258678033,-0.01624751115141404,0.00500287654849052,0.34300035954829444,0.0,0.49420715114741853,F,3
4.3499999999999925,0.6231806816873345,0.47996799465192597,-0.14779007004981942,-0.029891753809896393,-0.016440906503342734,0.005062426166388412,0.33876252878492186,0.0,0.49419336280517134,F,3
4.399999999999992,0.6216688554987818,0.47913627311950274,-0.1475339692777266,-0.030236523771054458,-0.016634430648464205,0.005122015441856587,0.3345771739526068,0.0,0.4941794129730996,F,3
4.449999999999992,0.6201397920944361,0.47829486894582884,-0.14727488706072636,-0.030581268086914137,-0.016828083473477418,0.005181644340004898,0.33044364516715435,0.0,0.4941653017232815,F,3
4.499999999999992,0.6185934929663283,0.4774437757056301,-0.1470128214203697,-0.030925982562157728,-0.017021864803974662,0.005241312807133247,0.3263613005767402,0.0,0.49415102913909165,F,3
4.549999999999992,0.6170299598233606,0.4765829869854598,-0.14674777038184955,-0.031270662859353426,-0.01721577440340627,0.005301020770402676,0.322329506262961,0.0,0.4941365953155923,F,3
4.599999999999992,0.6154491945985154,0.4757124963868573,-0.14647973197497327,-0.031615304496904195,-0.017409811972049494,0.005360768137525895,0.3183476361430976,0.0,0.49412200035993076,F,3
4.6499999999999915,0.6138511994561655,0.47483229752955963,-0.14620870423515142,-0.0319599028469994,-0.017603977145953797,0.005420554796436994,0.31441507187357554,0.0,0.4941072443917425,F,3
4.699999999999991,0.612235976799488,0.47394238405476496,-0.1459346852044029,-0.032304453133548405,-0.017798269495893082,0.005480380614970859,0.31053120275460844,0.0,0.49409232754355953,F,3
4.749999999999991,0.6106035292779819,0.47304274962845017,-0.1456576729323763,-0.0326489504301225,-0.017992688526295708,0.005540245440531499,0.3066954256360103,0.0,0.4940772499612256,F,3
4.799999999999991,0.6089538597950881,0.47213338794474136,-0.145377665477388,-0.032993389657876016,-0.018187233674175907,0.0056001490997659165,0.30290714482416214,0.0,0.4940620118043156,F,3
4.849999999999991,0.6072869715159137,0.47121429272933874,-0.14509466090747639,-0.033337765583486834,-0.0183819043080527,0.005660091398232425,0.29916577199011896,0.0,0.4940466132465622,F,3
4.899999999999991,0.6056028678750607,0.4702854577429955,-0.1448086573014733,-0.03368207281705948,-0.018576699726864654,0.005720072120062036,0.29547072607884367,0.0,0.4940310544762872,F,3
4.94999999999999,0.6039015525845578,0.46934687678505194,-0.14451965275009196,-0.03402630581005733,-0.018771619158872155,0.005780091027626777,0.29182143321955356,0.0,0.49401533569683903,F,3
4.99999999999999,0.6021830296418973,0.46839854369702405,-0.14422764535703253,-0.03437045885320983,-0.01896666176055828,0.005840147861188583,0.2882173266371663,0.0,0.49399945712703525,F,3
5.04999999999999,0.6004473033381759,0.4674404523662481,-0.14393263324010375,-0.03471452607442804,-0.019161826615518573,0.005900242338575945,0.2846578465648322,0.0,0.4939834190016114,F,3
5.09999999999999,0.5986943782663398,0.46647259672958075,-0.1436346145323626,-0.03505850143672301,-0.01935711273334667,0.005960374154823089,0.28114244015753886,0.0,0.4939672215716747,F,3
5.14999999999999,0.5969242593295344,0.4654949707771556,-0.14333358738327073,-0.03540237873610602,-0.01955251904850186,0.006020542981836907,0.2776705614067764,0.0,0.4939508651051636,F,3
5.1999999999999895,0.5951369517495588,0.46450756855619596,-0.14302954995986877,-0.03574615159951111,-0.01974804441919331,0.00608074846803891,0.2742416710562485,0.0,0.4939343498873124,F,3
5.249999999999989,0.5933324610754238,0.46351038417488427,-0.14272250044796764,-0.036089813482700905,-0.019943687626233775,0.006140990238022448,0.2708552365186191,0.0,0.49391767622112154,F,3
5.299999999999989,0.5915107931920149,0.46250341180628884,-0.1424124370533577,-0.03643335766817801,-0.020139447371908537,0.006201267892198825,0.2675107317932791,0.0,0.4939008444278329,F,3
5.349999999999989,0.5896719543288595,0.4614866456923481,-0.14209935800303547,-0.036776777263108906,-0.020335322278815238,0.006261581006444805,0.26420763738512393,0.0,0.49388385484741026,F,3
5.399999999999989,0.5878159510689973,0.46046008014791207,-0.14178326154644816,-0.037120065197243646,-0.020531310888720344,0.006321929131745951,0.26094544022432664,0.0,0.49386670783902503,F,3
5.449999999999989,0.5859427903579556,0.45942370956484235,-0.14146414595675602,-0.03746321422083421,-0.0207274116613948,0.006382311793842743,0.2577236335870968,0.0,0.4938494037815469,F,3
5.4999999999999885,0.5840524795128272,0.45837752841616947,-0.14114200953211267,-0.03780621690256669,-0.02092362297345801,0.006442728492866978,0.2545417170174118,0.0,0.4938319430740393,F,3
5.549999999999988,0.5821450262314526,0.45732153126030933,-0.14081685059696328,-0.03814906562749215,-0.02111994311720239,0.0065031787029878885,0.251399196249709,0.0,0.49381432613625953,F,3
5.599999999999988,0.5802204386017038,0.4562557127453378,-0.14048866750336078,-0.038491752594976836,-0.0213163702994304,0.006563661872049931,0.24829558313252784,0.0,0.4937965534091642,F,3
5.649999999999988,0.5782787251108714,0.4551800676133245,-0.14015745863230017,-0.038834269816646894,-0.021512902640266618,0.006624177421211963,0.24523039555308881,0.0,0.4937786253554182,F,3
5.699999999999988,0.5763198946551543,0.45409459070472463,-0.1398232223950711,-0.039176609114342786,-0.021709538171997556,0.006684724744580872,0.24220315736279957,0.0,0.4937605424599093,F,3
5.749999999999988,0.5743439565492492,0.4529992769628312,-0.1394859572346287,-0.03951876211810146,-0.021906274837868445,0.006745303208847975,0.2392133983036756,0.0,0.49374230523026597,F,3
5.799999999999987,0.572350920536043,0.45189412143828545,-0.13914566162698228,-0.03986072026412463,-0.022103110490914735,0.006805912152928195,0.23626065393566503,0.0,0.49372391419738004,F,3
5.849999999999987,0.570340796796404,0.4507791192936473,-0.13880233408260279,-0.04020247479277761,-0.02230004289276305,0.006866550887589529,0.2333444655648663,0.0,0.49370536991593295,F,3
5.899999999999987,0.5683135959590744,0.4496542658080245,-0.1384559731478482,-0.040544016746592304,-0.02249706971245574,0.006927218695092219,0.23046438017262785,0.0,0.4936866729649263,F,3
5.949999999999987,0.5662693291106599,0.4485195563817621,-0.13810657740640736,-0.04088533696828961,-0.022694188525247683,0.0069879148288168325,0.22761995034551913,0.0,0.49366782394821584,F,3
5.999999999999987,0.5642080078057192,0.44737498654119107,-0.1377541454807624,-0.04122642609881294,-0.022891396811421105,0.007048638512899275,0.2248107342061623,0.0,0.4936488234950483,F,3
6.0499999999999865,0.56212964407695,0.44622055194343635,-0.13739867603366884,-0.04156727457538534,-0.023088691955094887,0.007109388941871353,0.22203629534491404,0.0,0.4936296722606034,F,3
6.099999999999986,0.560034250445471,0.44505624838128494,-0.13704016776965494,-0.041907872629581844,-0.023286071243028283,0.007170165280277752,0.21929620275238731,0.0,0.4936103709265363,F,3
6.149999999999986,0.5579218399311999,0.4438820717881131,-0.13667861943653856,-0.042248210285421306,-0.02348353186343577,0.007230966662327698,0.21659003075280264,0.0,0.4935909202015258,F,3
6.199999999999986,0.5557924260633264,0.44269801824287347,-0.13631402982696303,-0.04258827735747206,-0.023681070904793544,0.007291792191510549,0.21391735893815883,0.0,0.4935713208218228,F,3
6.249999999999986,0.5536460228908763,0.44150408397514074,-0.13594639777995066,-0.04292806344900063,-0.023878685354654372,0.007352640940247457,0.21127777210321325,0.0,0.49355157355180324,F,3
6.299999999999986,0.5514826449933705,0.44030026537021805,-0.1355757221824751,-0.043267557950116275,-0.02407637209845409,0.00741351194951112,0.20867086018126174,0.0,0.49353167918452145,F,3
6.349999999999985,0.5493023074915722,0.43908655897430116,-0.13520200197105137,-0.043606750035968256,-0.02427412791833755,0.007474404228474674,0.20609621818070833,0.0,0.49351163854226726,F,3
6.399999999999985,0.5471050260583246,0.4378629614997025,-0.13482523613334466,-0.04394562866495283,-0.024471949491973455,0.007535316754134214,0.2035534461224152,0.0,0.49349145247712356,F,3
6.449999999999985,0.5448908169294772,0.4366294698301336,-0.1344454237097967,-0.044284182576947995,-0.024669833391377516,0.007596248470959077,0.20104214897782333,0.0,0.49347112187152603,F,3
6.499999999999985,0.5426596969148976,0.4353860810260461,-0.13406256379527048,-0.04462240029159126,-0.024867776081750892,0.007657198290524081,0.1985619366078346,0.0,0.493450647638824,F,3
6.549999999999985,0.5404116834095686,0.4341327923300312,-0.1336766555407127,-0.0449602701065796,-0.025065773920297796,0.007718165091155638,0.19611242370244572,0.0,0.4934300307238418,F,3
6.5999999999999845,0.5381467944047686,0.43286960117227713,-0.1332876981548342,-0.04529778009599861,-0.025263823155081966,0.007779147717569546,0.1936932297211251,0.0,0.49340927210344143,F,3
6.649999999999984,0.5358650484993337,0.43159650517608394,-0.13289569090580822,-0.04563491810869874,-0.025461919923863707,0.00784014498051988,0.19130397883392347,0.0,0.4933883727870853,F,3
6.699999999999984,0.5335664649109987,0.4303135021634359,-0.1325006331229861,-0.045971671766700806,-0.025660060252960526,0.007901155656442338,0.18894429986330935,0.0,0.4933673338173987,F,3
6.749999999999984,0.5312510634878169,0.42902059016063065,-0.13210252419863067,-0.046308028463636075,-0.025858240056104986,0.007962178487108673,0.18661382622672046,0.0,0.4933461562707322,F,3
6.799999999999984,0.5289188647196552,0.4277177674039648,-0.1317013635896669,-0.046643975363235,-0.026056455133317835,0.008023212179275596,0.18431219587982228,0.0,0.49332484125772363,F,3
6.849999999999984,0.5265698897497626,0.4264050323454752,-0.1312971508194497,-0.0469794993978534,-0.02625470116979084,0.008084255404343377,0.18203905126046538,0.0,0.49330338992385886,F,3
6.8999999999999835,0.5242041603864105,0.4250823836587365,-0.13088988547954905,-0.04731458726704163,-0.026452973734773788,0.008145306798013063,0.17979403923333262,0.0,0.4932818034500307,F,3
6.949999999999983,0.5218216991146025,0.4237498202447124,-0.1304795672315518,-0.047649225436159626,-0.02665126828048231,0.00820636495994509,0.177576811035268,0.0,0.4932600830530973,F,3
6.999999999999983,0.5194225291078505,0.42240734123766194,-0.1300661958088803,-0.04798340013504043,-0.026849580141009854,0.00826742845343037,0.175387022221279,0.0,0.49323822998643707,F,3
7.049999999999983,0.5170066742400152,0.4210549460110988,-0.12964977101862724,-0.04831709735670375,-0.027047904531263267,0.008328495805061398,0.1732243326112036,0.0,0.49321624554050236,F,3
7.099999999999983,0.5145741590972092,0.4196926341838042,-0.1292302927434072,-0.04865030285612221,-0.027246236545891422,0.008389565504400565,0.17108840623703467,0.0,0.4931941310433687,F,3
7.149999999999983,0.5121250089897575,0.41832040562589146,-0.12880776094322416,-0.04898300214903201,-0.027444571158255493,0.008450636003660972,0.16897891129089293,0.0,0.49317188786128247,F,3
7.199999999999982,0.5096592499642171,0.4169382604649217,-0.1283821756573546,-0.04931518051081024,-0.027642903219395054,0.008511705717391405,0.16689552007364108,0.0,0.4931495173992033,F,3
7.249999999999982,0.5071769088154467,0.4155461990920712,-0.12795353700624612,-0.04964682297540629,-0.027841227457010842,0.008572773022169633,0.16483790894413095,0.0,0.4931270211013431,F,3
7.299999999999982,0.5046780130987302,0.4141442221683469,-0.12752184519343196,-0.04997791433433152,-0.02803953847448637,0.008633836256283223,0.1628057582690761,0.0,0.49310440045169995,F,3
7.349999999999982,0.5021625911419451,0.4127323306308518,-0.12708710050745964,-0.0503084391357031,-0.028237830749902604,0.008694893719446428,0.16079875237354216,0.0,0.4930816569745871,F,3
7.399999999999982,0.4996306720577767,0.41131052569909776,-0.12664930332383517,-0.05063838168336693,-0.028436098635080398,0.00875594367248933,0.15881657949204733,0.0,0.4930587922351564,F,3
7.4499999999999815,0.49708228575597313,0.409878808881365,-0.1262084541069811,-0.050967726036071914,-0.028634336354654844,0.008816984337081668,0.15685893172026563,0.0,0.49303580783991546,F,3
7.499999999999981,0.4945174629556368,0.4084371819811072,-0.1257645534122086,-0.05129645600672611,-0.02883253800515656,0.008878013895449732,0.15492550496732546,0.0,0.4930127054372375,F,3
7.549999999999981,0.4919362351975515,0.40698564710340135,-0.12531760188770374,-0.051624555161707,-0.02903069755411658,0.008939030490097422,0.1530159989086962,0.0,0.4929894867178661,F,3
7.599999999999981,0.48933863485653845,0.40552420666144096,-0.12486760027652669,-0.05195200682026058,-0.02922880883920731,0.009000032223541177,0.1511301169396557,0.0,0.4929661534154094,F,3
7.649999999999981,0.4867246951538403,0.4040528633830712,-0.12441454941862409,-0.05227879405396291,-0.0294268655673946,0.009061017158051854,0.14926756612933162,0.0,0.49294270730682876,F,3
7.699999999999981,0.4840944501695274,0.40257162031736515,-0.12395845025285392,-0.05260489968625798,-0.02962486131412173,0.009121983315403537,0.14742805717530927,0.0,0.4929191502129168,F,3
7.7499999999999805,0.4814479348549228,0.40108048084123904,-0.12349930381902252,-0.052930306292091334,-0.02982278952252254,0.0091829286766279,0.1456113043587994,0.0,0.4928954839987672,F,3
7.79999999999998,0.47878518504504264,0.39957944866610634,-0.12303711125993326,-0.05325499619760338,-0.030020643502653988,0.009243851181785223,0.14381702550035885,0.0,0.4928717105742338,F,3
7.84999999999998,0.47610623747104625,0.3980685278445678,-0.1225718738234469,-0.05357895147992814,-0.030218416430770334,0.009304748729727086,0.14204494191615735,0.0,0.49284783189437975,F,3
7.89999999999998,0.473411129772694,0.39654772277713723,-0.12210359286455222,-0.053902153967044786,-0.030416101348611224,0.009365619177893747,0.14029477837478382,0.0,0.4928238499599156,F,3
7.94999999999998,0.47069990051080596,0.3950170382190005,-0.12163226984744747,-0.05422458523776097,-0.030613691162734158,0.009426460342094878,0.13856626305458547,0.0,0.49279976681762544,F,3
7.99999999999998,0.46797258917971807,0.39347647928680646,-0.12115790634763116,-0.05454622662175723,-0.030811178643881665,0.009487269996326375,0.13685912750153323,0.0,0.4927755845607805,F,3
8.04999999999998,0.46522923621973167,0.391926051465488,-0.12068050405400263,-0.05486705919972856,-0.031008556426369294,0.00954804587257052,0.13517310658760706,0.0,0.49275130532954065,F,3
8.09999999999998,0.4624698830295501,0.39036576061511197,-0.12020006477097109,-0.05518706380363142,-0.031205817007520786,0.009608785660630836,0.13350793846969475,0.0,0.49272693131134115,F,3
8.14999999999998,0.4596945719786993,0.3887956129777556,-0.11971659042057309,-0.0555062210170168,-0.031402952747126844,0.009669487007959998,0.13186336454899786,0.0,0.49270246474126644,F,3
8.199999999999982,0.45690334641992564,0.3872156151844078,-0.11923008304459759,-0.055824511175472935,-0.03159995586695663,0.009730147519509957,0.13023912943093868,0.0,0.4926779079024081,F,3
8.249999999999982,0.45409625070156745,0.385625774261893,-0.11874054480671772,-0.05614191436716376,-0.03179681845029564,0.009790764757597326,0.12863498088556205,0.0,0.492653263126208,F,3
8.299999999999983,0.4512733301798936,0.3840260976398166,-0.11824797799462936,-0.05645841043347699,-0.03199353244152797,0.009851336241767372,0.1270506698084258,0.0,0.4926285327927843,F,3
8.349999999999984,0.44843463123140476,0.3824165931575284,-0.11775238502219562,-0.05677397896977632,-0.03219008964576442,0.009911859448674676,0.12548595018197417,0.0,0.4926037193312417,F,3
8.399999999999984,0.4455802012650919,0.3807972690711033,-0.11725376843159604,-0.05708859932625765,-0.03238648172850245,0.00997233181199153,0.12394057903738778,0.0,0.49257882521996316,F,3
8.449999999999985,0.44271008873464524,0.37916813406033634,-0.11675213089548078,-0.05740225060893306,-0.03258270021533893,0.01003275072230525,0.12241431641690483,0.0,0.49255385298688426,F,3
8.499999999999986,0.43982434315060964,0.3775291972357504,-0.116247475219128,-0.057714911680711856,-0.032778736491718974,0.01009311352705572,0.12090692533660727,0.0,0.49252880520974773,F,3
8.549999999999986,0.436923015092479,0.37588046814561316,-0.1157398043426047,-0.05802656116261351,-0.032974581802744374,0.010153417530466002,0.11941817174966668,0.0,0.4925036845163389,F,3
8.599999999999987,0.434006156220725,0.3742219567829622,-0.1152291213429298,-0.0583371774350791,-0.033170227253018214,0.010213659993497937,0.11794782451004378,0.0,0.4924784935847005,F,3
8.649999999999988,0.43107381928875377,0.37255367359263525,-0.1147154294362392,-0.05864673863942571,-0.03336566380653938,0.010273838133811886,0.1164956553366363,0.0,0.49245323514332684,F,3
8.699999999999989,0.42812605815478355,0.37087562947830266,-0.11419873197995073,-0.058955222679404895,-0.03356088228665122,0.010333949125769515,0.11506143877786959,0.0,0.4924279119713352,F,3
8.74999999999999,0.42516292779363857,0.36918783580950076,-0.11367903247493008,-0.05926260722289994,-0.03375587337603736,0.010393990100412975,0.11364495217672449,0.0,0.49240252689861624,F,3
8.79999999999999,0.4221844843084511,0.36749030442866193,-0.11315633456765531,-0.059568869703749416,-0.03395062761677725,0.010453958145495434,0.1122459756361972,0.0,0.4923770828059595,F,3
8.84999999999999,0.4191907849422667,0.36578304765813957,-0.11263064205238035,-0.05987398732368865,-0.03414513541044745,0.010513850305499117,0.11086429198518571,0.0,0.4923515826251563,F,3
8.899999999999991,0.41618188808954476,0.3640660783072256,-0.11210195887329526,-0.06017793705443836,-0.03433938701827982,0.01057366358170192,0.10949968674479763,0.0,0.4923260293390772,F,3
8.949999999999992,0.4131578533075491,0.3623394096791566,-0.11157028912668396,-0.060480695639912596,-0.03453337256137945,0.010633394932225981,0.10815194809507415,0.0,0.4923004259817245,F,3
8.999999999999993,0.4101187413276204,0.3606030555781069,-0.11103563706307736,-0.060782239598575205,-0.03472708202099384,0.010693041272132053,0.10682086684212519,0.0,0.4922747756382582,F,3
9.049999999999994,0.40706461406632427,0.35885703031616417,-0.11049800708940118,-0.06108254522592255,-0.034920505238854316,0.010752599473523583,0.1055062363856704,0.0,0.49224908144499524,F,3
9.099999999999994,0.4039955346364684,0.357101348720286,-0.10995740377111801,-0.06138158859711751,-0.035113631917563226,0.010812066365663286,0.10420785268698128,0.0,0.4922233465893819,F,3
9.149999999999995,0.4009115673579806,0.35533602613923393,-0.10941383183436262,-0.06167934556975674,-0.03530645162104079,0.010871438735107763,0.1029255142372193,0.0,0.4921975743099367,F,3
9.199999999999996,0.3978127777686417,0.3535610784504812,-0.10886729616806885,-0.061975791786778034,-0.03549895377505524,0.010930713325875419,0.10165902202616524,0.0,0.4921717678961654,F,3
9.249999999999996,0.39469923263466544,0.3517765220670914,-0.10831780182608765,-0.06227090267952595,-0.03569112766779459,0.010989886839624097,0.10040817951133492,0.0,0.49214593068844575,F,3
9.299999999999997,0.391570999961118,0.3499823739445658,-0.10776535402929524,-0.06256465347094925,-0.035882962450511924,0.011048955935848148,0.09917279258747645,0.0,0.49212006607788195,F,3
9.349999999999998,0.3884281490021699,0.3481786515876539,-0.1072099581676907,-0.06285701917896208,-0.03607444713823876,0.011107917232090758,0.09795266955644452,0.0,0.49209417750612855,F,3
9.399999999999999,0.3852707502711732,0.3463653730571258,-0.10665161980248088,-0.06314797461993427,-0.03626557061056218,0.011166767304196523,0.09674762109744682,0.0,0.4920682684651817,F,3
9.45,0.3820988755505554,0.3445425569765022,-0.10609034466815295,-0.06343749441235641,-0.036456321612471365,0.011225502686558475,0.09555746023765817,0.0,0.4920423424971392,F,3
9.5,0.37891259790152354,0.3427102225387384,-0.10552613867453234,-0.06372555298063687,-0.036646688755276324,0.01128411987241229,0.09438200232319781,0.0,0.4920164031939261,F,3
9.55,0.37571199167357,0.34086838951285886,-0.10495900790882554,-0.0640121245590708,-0.036836660517590436,0.01134261531413605,0.0932210649904653,0.0,0.4919904541969882,F,3
9.600000000000001,0.3724971325137726,0.33901707825053917,-0.10438895863764706,-0.06429718319594796,-0.037026225246393485,0.011400985423569432,0.09207446813783066,0.0,0.49196449919694984,F,3
9.650000000000002,0.369268097375881,0.33715630969263116,-0.10381599730902848,-0.06458070275783129,-0.03721537115815993,0.01145922657237175,0.09094203389767432,0.0,0.4919385419332374,F,3
9.700000000000003,0.3660249645291821,0.3352861053756281,-0.1032401305544092,-0.0648626569339783,-0.03740408634006209,0.011517335092385561,0.0898235866087727,0.0,0.4919125861936675,F,3
9.750000000000004,0.3627678135671357,0.3334064874380656,-0.10266136519060745,-0.06514301924092775,-0.03759235875124972,0.011575307276034952,0.08871895278902489,0.0,0.49188663581399866,F,3
9.800000000000004,0.3594967254157731,0.3315174786268553,-0.10207970822177036,-0.06542176302725272,-0.03778017622420582,0.011633139376741874,0.08762796110851653,0.0,0.49186069467744636,F,3
9.850000000000005,0.35621178234184997,0.3296191023035464,-0.10149516684130219,-0.06569886147846232,-0.03796752646617885,0.011690827609363297,0.08655044236291645,0.0,0.4918347667141611,F,3
9.900000000000006,0.3529130679607467,0.3277113824505122,-0.10090774843376911,-0.06597428762206564,-0.0381543970606843,0.011748368150661659,0.08548622944720215,0.0,0.49180885590066853,F,3
9.950000000000006,0.34960066724410654,0.3257943436770573,-0.10031746057677986,-0.06624801433280231,-0.038340775469097865,0.011805757139785045,0.08443515732970988,0.0,0.4917829662592716,F,3
10.000000000000007,0.34627466652720545,0.3238680112254416,-0.09972431104284055,-0.06652001433802152,-0.03852664903231384,0.011862990678786212,0.08339706302650556,0.0,0.4917571018574137,F,3
10.050000000000008,0.34293515351604326,0.321932410976817,-0.09912830780118263,-0.06679026022324425,-0.03871200497249233,0.011920064833158273,0.08237178557607219,0.0,0.4917312668070029,F,3
10.100000000000009,0.3395822172941501,0.31998756945707285,-0.09852945901956287,-0.06705872443786287,-0.038896830394882786,0.011976975632395359,0.08135916601431027,0.0,0.49170546526369646,F,3
10.15000000000001,0.3362159483290993,0.3180335138425863,-0.09792777306603395,-0.06732537930101701,-0.039081112289730824,0.012033719070578264,0.08035904734984696,0.0,0.49167970142614575,F,3
10.20000000000001,0.332836438478718,0.3160702719658734,-0.09732325851068463,-0.06759019700762481,-0.03926483753425858,0.01209029110698645,0.0793712745396504,0.0,0.49165397953519996,F,3
10.25000000000001,0.32944378099698907,0.3140978723211366,-0.09671592412734781,-0.06785314963457939,-0.03944799289473527,0.012146687666736433,0.0783956944649454,0.0,0.4916283038730706,F,3
10.300000000000011,0.3260380705396339,0.31211634406970507,-0.09610577889527569,-0.06811420914710348,-0.03963056502863105,0.012202904641442358,0.0774321559074266,0.0,0.4916026787624534,F,3
10.350000000000012,0.32261940316937093,0.3101257170453633,-0.09549283200078054,-0.06837334740525947,-0.03981254048683602,0.012258937889902954,0.07648050952576553,0.0,0.4915771085656103,F,3
10.400000000000013,0.3191878763608396,0.3081260217595634,-0.09487709283883973,-0.06863053617062603,-0.0399939057159987,0.01231478323881624,0.07554060783240801,0.0,0.4915515976834094,F,3
10.450000000000014,0.31574358900518273,0.3061172894065183,-0.09425857101466391,-0.06888574711313711,-0.04017464706090185,0.012370436483516434,0.07461230517065812,0.0,0.4915261505543232,F,3
10.500000000000014,0.31228664141428,0.3040995518681703,-0.09363727634522698,-0.06913895181805546,-0.04035475076696049,0.012425893388738618,0.07369545769204516,0.0,0.49150077165338524,F,3
10.550000000000015,0.30881713532462324,0.3020728417190314,-0.09301321886075642,-0.06939012179313503,-0.040534202982776824,0.012481149689411164,0.07278992333397043,0.0,0.4914754654911047,F,3
10.600000000000016,0.30533517390082776,0.30003719223089165,-0.09238640880618332,-0.06963922847590953,-0.04071298976279503,0.01253620109146203,0.0718955617976298,0.0,0.4914502366123392,F,3
10.650000000000016,0.30184086173877017,0.2979926373773899,-0.09175685664254936,-0.06988624324115178,-0.04089109707003519,0.012591043272679181,0.07101223452620925,0.0,0.49142508959512515,F,3
10.700000000000017,0.29833430486834617,0.2959392118384444,-0.09112457304837143,-0.0701311374084801,-0.041068510778910494,0.012645671883558529,0.07013980468334945,0.0,0.49140002904946634,F,3
10.750000000000018,0.29481561075584073,0.29387695100453826,-0.09048956892096113,-0.07037388225010904,-0.04124521667812353,0.012700082548205982,0.0692781371318764,0.0,0.49137505961608036,F,3
10.800000000000018,0.29128488830590293,0.29180589098085546,-0.08985185537769819,-0.07061444899875563,-0.04142120047365555,0.012754270865258932,0.06842709841279473,0.0,0.49135018596510344,F,3
10.85000000000002,0.2877422478631183,0.28972606859126404,-0.0892114437572571,-0.07085280885569256,-0.04159644779182792,0.012808232408821618,0.06758655672454025,0.0,0.49132541279475306,F,3
10.90000000000002,0.284187801213172,0.2876375213821414,-0.08856834562078479,-0.07108893299892644,-0.04177094418245375,0.012861962729446286,0.06675638190248874,0.0,0.4913007448299491,F,3
10.95000000000002,0.2806216615835947,0.2855402876260378,-0.08792257275302894,-0.07132279259154661,-0.04194467512207145,0.012915457355117121,0.06593644539871761,0.0,0.49127618682089397,F,3
11.000000000000021,0.2770439436440855,0.28343440632517514,-0.087274137163415,-0.07155435879018374,-0.04211762601725316,0.012968711792278598,0.06512662026201746,0.0,0.49125174354161105,F,3
11.050000000000022,0.27345476350640435,0.2813199172147746,-0.08662305108707112,-0.07178360275362367,-0.042289782208010385,0.013021721526877694,0.06432678111815025,0.0,0.491227419788443,F,3
11.100000000000023,0.26985423872382724,0.27919686076621164,-0.08596932698579957,-0.07201049565154216,-0.042461128971259254,0.0130744820254311,0.06353680415035114,0.0,0.49120322037850894,F,3
11.150000000000023,0.2662424882901587,0.27706527818999277,-0.08531297754899314,-0.0722350086733714,-0.04263165152437742,0.013126988736128498,0.06275656708007087,0.0,0.49117915014812263,F,3
11.200000000000024,0.26261963263829396,0.27492521143855064,-0.08465401569449607,-0.07245711303729419,-0.04280133502884281,0.013179237089941398,0.06198594914795579,0.0,0.4911552139511703,F,3
11.250000000000025,0.25898579363832597,0.27277670320885355,-0.08399245456940739,-0.07267677999936023,-0.04297016459394176,0.01323122250177361,0.06122483109506253,0.0,0.49113141665744997,F,3
11.300000000000026,0.2553410945951903,0.2706197969448258,-0.08332830755082618,-0.07289398086271354,-0.043138125280554884,0.013282940371624197,0.06047309514430425,0.0,0.49110776315097265,F,3
11.350000000000026,0.2516856602458431,0.26845453683957426,-0.0826615882465372,-0.07310868698694323,-0.04330520210503036,0.013334386085779582,0.05973062498212587,0.0,0.49108425832822494,F,3
11.400000000000027,0.24801961675596604,0.2662809678374185,-0.08199231049563602,-0.07332086979754127,-0.043471380043115515,0.013385555018023687,0.058997305740405154,0.0,0.49106090709639605,F,3
11.450000000000028,0.24434309171619317,0.26409913563571963,-0.08132048836909216,-0.07353050079545731,-0.04363664403397721,0.013436442530877224,0.058273023978576984,0.0,0.49103771437156685,F,3
11.500000000000028,0.24065621413785454,0.26190908668650537,-0.0806461361702494,-0.07373755156677292,-0.0438009789842847,0.013487043976855018,0.05755766766597799,0.0,0.4910146850768652,F,3
11.55000000000003,0.2369591144482316,0.2597108681978874,-0.07996926843526234,-0.07394199379245903,-0.04396436977235907,0.013537354699741377,0.05685112616440876,0.0,0.4909918241405852,F,3
11.60000000000003,0.23325192448532048,0.25750452813526714,-0.07928989993346747,-0.07414379925822223,-0.04412680125240598,0.013587370035897384,0.05615329021091102,0.0,0.4909691364942739,F,3
11.65000000000003,0.22953477749209794,0.2552901152223269,-0.07860804566768878,-0.07434293986445101,-0.04428825825880389,0.013637085315573727,0.055464051900756935,0.0,0.4909466270707843,F,3
11.700000000000031,0.2258078081102864,0.2530676789418035,-0.07792372087447538,-0.0745393876362313,-0.04444872561046864,0.013686495864267956,0.05478330467064805,0.0,0.49092430080229776,F,3
11.750000000000032,0.2220711523736142,0.2508372695360403,-0.07723694102427199,-0.07473311473344402,-0.04460818811526379,0.013735597004067845,0.05411094328212112,0.0,0.4909021626183148,F,3
11.800000000000033,0.21832494770056746,0.24859893800731564,-0.07654772182151975,-0.07492409346093465,-0.04476663057449287,0.01378438405504473,0.05344686380515836,0.0,0.49088021744361726,F,3
11.850000000000033,0.21456933288663033,0.2463527361179435,-0.07585607920468734,-0.07511229627874261,-0.04492403778744297,0.013832852336648216,0.052790963601999474,0.0,0.49085847019620144,F,3
11.900000000000034,0.21080444809601062,0.2440987163901443,-0.07516202934623126,-0.07529769581239437,-0.04508039455598384,0.013880997169121723,0.052143141311152955,0.0,0.49083692578518473,F,3
11.950000000000035,0.20703043485284817,0.24183693210568297,-0.07446558865248425,-0.07548026486324938,-0.045235685689226646,0.013928813874940216,0.051503296831604234,0.0,0.4908155891086865,F,3
12.000000000000036,0.20324743603190387,0.2395674373052712,-0.07376677376347136,-0.07565997641888617,-0.04538989600823551,0.013976297780257663,0.05087133130721815,0.0,0.49079446505168445,F,3
12.050000000000036,0.1994555958487268,0.23729028678773167,-0.0730656015526526,-0.07583680366354123,-0.045543010350790336,0.014023444216375303,0.05024714711133332,0.0,0.49077355848384785,F,3
12.100000000000037,0.1956550598492983,0.23500553610892216,-0.07236208912659148,-0.07601071998857012,-0.045695013576189936,0.014070248521222406,0.04963064783154606,0.0,0.49075287425734954,F,3
12.150000000000038,0.19184597489915092,0.23271324158041579,-0.07165625382454886,-0.07618169900294736,-0.04584589057012728,0.0141167060408523,0.049021738254681424,0.0,0.4907324172046577,F,3
12.200000000000038,0.1880284891719622,0.2304134602679374,-0.07094811321800118,-0.0763497145437747,-0.045995626249567545,0.014162812130953661,0.048420324351949075,0.0,0.49071219213630957,F,3
12.250000000000039,0.18420275213762133,0.22810624998955187,-0.07023768511008302,-0.07651474068681718,-0.046144205567710816,0.014208562158363192,0.047826313264281675,0.0,0.49069220383866763,F,3
12.30000000000004,0.18036891454976978,0.22579166931360412,-0.06952498753495251,-0.07667675175703076,-0.04629161351895478,0.014253951502610218,0.047239613287853456,0.0,0.490672457071661,F,3
12.35000000000004,0.17652712843281415,0.22346977755640807,-0.06881003875707972,-0.07683572233911223,-0.04643783514392125,0.01429897555745574,0.046660133859776805,0.0,0.49065295656651337,F,3
12.400000000000041,0.17267754706841337,0.22114063477968315,-0.06809285727045752,-0.07699162728801584,-0.04658285553449798,0.014343629732443963,0.04608778554397459,0.0,0.49063370702345893,F,3
12.450000000000042,0.16882032498143953,0.21880430178773713,-0.06737346179773393,-0.07714444173947677,-0.046726659838920714,0.014387909454471881,0.04552248001722602,0.0,0.4906147131094482,F,3
12.500000000000043,0.16495561792541474,0.21646084012439382,-0.0666518712892662,-0.07729414112049582,-0.04686923326686632,0.014431810169354686,0.04496413005538397,0.0,0.49059597945584615,F,3
12.550000000000043,0.16108358286742408,0.21411031206966397,-0.0659281049220958,-0.077440701159813,-0.04701056109459728,0.01447532734340784,0.04441264951976145,0.0,0.49057751065612326,F,3
12.600000000000044,0.15720437797250758,0.21175278063615954,-0.06520218209884428,-0.0775840978983297,-0.04715062867008818,0.014518456465030527,0.04386795334368526,0.0,0.49055931126354285,F,3
12.650000000000045,0.15331816258753306,0.2093883095652493,-0.06447412244652927,-0.07772430769949074,-0.04728942141820486,0.014561193046300214,0.04332995751921478,0.0,0.49054138578884526,F,3
12.700000000000045,0.1494250972245521,0.20701696332295566,-0.06374394581530132,-0.07786130725961904,-0.04742692484587252,0.01460353262455888,0.04279857908402359,0.0,0.49052373869793203,F,3
12.750000000000046,0.145525343543643,0.20463880709559235,-0.06301167227710053,-0.07799507361818253,-0.04756312454726602,0.0146454707640159,0.042273736108442234,0.0,0.4905063744095511,F,3
12.800000000000047,0.14161906433524285,0.20225390678514205,-0.0622773221242334,-0.07812558416800258,-0.04769800620900572,0.014687003057342607,0.04175534768265978,0.0,0.4904892972929853,F,3
12.850000000000048,0.13770642350197437,0.1998623290043745,-0.06154091586786936,-0.07825281666536954,-0.04783155561535052,0.014728125127280722,0.04124333390408248,0.0,0.490472511665747,F,3
12.900000000000048,0.13378758603996904,0.19746414107170454,-0.06080247423645793,-0.0783767492401069,-0.0479637586533993,0.01476883262822859,0.04073761586484737,0.0,0.4904560217912798,F,3
12.950000000000049,0.1298627180196938,0.1950594110057906,-0.060062018174064966,-0.07849736040550503,-0.04809460131827842,0.014809121247859325,0.040238115639489015,0.0,0.4904398318766697,F,3
13.00000000000005,0.12593198656628452,0.19264820751987408,-0.05931956883863003,-0.0786146290681855,-0.0482240697183306,0.01484898670869872,0.03974475627275739,0.0,0.49042394607036804,F,3
13.05000000000005,0.12199555983939207,0.19023060001585965,-0.058575147600143415,-0.07872853453784884,-0.04835215008028859,0.014888424769732289,0.03925746176758513,0.0,0.49040836845992913,F,3
13.100000000000051,0.11805360701254707,0.18780665857813778,-0.05782877603874405,-0.07883905653690015,-0.04847882875443771,0.014927431227987342,0.038776157073202144,0.0,0.49039310306976247,F,3
13.150000000000052,0.11410629825204895,0.18537645396715025,-0.057080475942738365,-0.07894617520996239,-0.048604092219750594,0.014966001920113658,0.03830076807339594,0.0,0.490378153858904,F,3
13.200000000000053,0.11015380469538627,0.18294005761269977,-0.05633026930654009,-0.07904987113325351,-0.048727927089009526,0.015004132723965558,0.03783122157491569,0.0,0.4903635247188072,F,3
13.250000000000053,0.10619629842919488,0.18049754160700493,-0.05557817832853165,-0.07915012532382776,-0.048850320113896784,0.015041819560168701,0.03736744529601834,0.0,0.4903492194711568,F,3
13.300000000000054,0.1022339524667616,0.17804897869750164,-0.05482422540884779,-0.07924691924866556,-0.04897125819006559,0.01507905839367718,0.036909367855155,0.0,0.4903352418657068,F,3
13.350000000000055,0.09826694072508058,0.17559444227939358,-0.05406843314708175,-0.07934023483362057,-0.04909072836216111,0.01511584523532089,0.03645691875979581,0.0,0.49032159557814525,F,3
13.400000000000055,0.09429543800147133,0.17313400638795295,-0.05331082433991431,-0.07943005447218487,-0.049208717828812254,0.015152176143348739,0.03601002839539166,0.0,0.4903082842079877,F,3
13.450000000000056,0.09031961994976549,0.17066774569057352,-0.05255142197866704,-0.0795163610341168,-0.049325213947588875,0.015188047224945489,0.035568628014471027,0.0,0.49029531127650156,F,3
13.500000000000057,0.08633966305607295,0.16819573547857858,-0.05179024924677968,-0.07959913787385087,-0.0494402042398992,0.015223454637747214,0.0351326497258702,0.0,0.49028268022466376,F,3
13.550000000000058,0.08235574461413485,0.16571805165878567,-0.05102732951721288,-0.079678368838762,-0.04955367639585817,0.015258394591335933,0.03470202648409535,0.0,0.49027039441115317,F,3
13.600000000000058,0.07836804270027412,0.1632347707448317,-0.05026268634977693,-0.07975403827721467,-0.04966561827907945,0.015292863348718988,0.03427669207881476,0.0,0.4902584571103803,F,3
13.650000000000059,0.07437673614795295,0.16074596984825973,-0.04949634348838748,-0.07982613104642322,-0.04977601793143965,0.015326857227788981,0.033856581124479576,0.0,0.49024687151055624,F,3
13.70000000000006,0.0703820045219481,0.15825172666937226,-0.04872832485824885,-0.07989463252009721,-0.04988486357774963,0.01536037260277262,0.033441629050071586,0.0,0.4902356407118029,F,3
13.75000000000006,0.06638402809215327,0.15575211948785284,-0.0479586545629664,-0.0799595285958965,-0.04999214363038823,0.015393405905649027,0.033031772088976376,0.0,0.49022476772430645,F,3
13.800000000000061,0.062382987807021575,0.1532472271531597,-0.04718735688158848,-0.08002080570263387,-0.05009784669386258,0.015425953627558331,0.03262694726898036,0.0,0.49021425546651587,F,3
13.850000000000062,0.05837906526665734,0.15073712907469516,-0.046414456265579565,-0.08007845080728465,-0.050201961569290576,0.01545801232017835,0.03222709240239015,0.0,0.4902041067633888,F,3
13.900000000000063,0.054372442695570775,0.1482219052117546,-0.045639977335725335,-0.08013245142173137,-0.050304477258811264,0.015489578597084608,0.03183214607627278,0.0,0.4901943243446863,F,3
13.950000000000063,0.05036330291510556,0.14570163606325845,-0.04486394487897093,-0.0801827956093043,-0.05040538296992303,0.01552064913508816,0.03144204764281528,0.0,0.4901849108433185,F,3
14.000000000000064,0.046351829315552914,0.14317640265727194,-0.04408638384519392,-0.0802294719910529,-0.0505046681197302,0.0155512206755401,0.031056737209802163,0.0,0.4901758687937429,F,3
14.050000000000065,0.0423382058279642,0.14064628654031636,-0.04330731934391302,-0.08027246975177427,-0.05060232233911194,0.015581290025618033,0.030676155631209318,0.0,0.4901672006304173,F,3
14.100000000000065,0.038322616895675024,0.13811136976647617,-0.0425267766409342,-0.08031177864578354,-0.05069833547680369,0.015610854059576462,0.030300244497912996,0.0,0.4901589086863081,F,3
14.150000000000066,0.03430524744555358,0.13557173488630708,-0.04174478115493503,-0.08034738900242894,-0.05079269760338151,0.015639909719983303,0.029928946128512362,0.0,0.49015099519145766,F,3
14.200000000000067,0.030286282858987254,0.13302746493554962,-0.04096135845398957,-0.08037929173132646,-0.05088539901514921,0.015668454018909206,0.029562203560264316,0.0,0.4901434622716094,F,3
14.250000000000068,0.026265908942620222,0.13047864342365284,-0.04017653425203463,-0.08040747832734063,-0.050976430237935355,0.015696484039098846,0.029199960540129164,0.0,0.49013631194689555,F,3
14.300000000000068,0.022244311898856672,0.12792535432211355,-0.039390334405279046,-0.080431940875271,-0.0510657820307861,0.015723996935111673,0.02884216151592582,0.0,0.4901295461305855,F,3
14.350000000000069,0.01822167829614313,0.12536768205263613,-0.0386027849085582,-0.08045267205427087,-0.05115344538954847,0.01575098993441687,0.028488751627595177,0.0,0.4901231666278994,F,3
14.40000000000007,0.014198195039044542,0.12280571147511858,-0.03781391189163448,-0.08046966514197174,-0.05123941155035089,0.015777460338474436,0.02813967669857036,0.0,0.4901171751348858,F,3
14.45000000000007,0.010174049338128308,0.12023952787547001,-0.037023741615446096,-0.08048291401832469,-0.05132367199297133,0.01580340552376769,0.027794883227252553,0.0,0.4901115732373662,F,3
14.500000000000071,0.006149428679671415,0.1176692169532653,-0.036232300468305764,-0.08049241316913786,-0.05140621844409443,0.01582882294280663,0.02745431837859111,0.0,0.49010636240994704,F,3
14.550000000000072,0.002124520795205087,0.11509486480924262,-0.03543961496205114,-0.08049815768932655,-0.051487042880453415,0.015853710125092457,0.027117929975766716,0.0,0.4901015440151001,F,3
14.600000000000072,-0.0019004863690879614,0.1125165579326502,-0.034645711728148634,-0.08050014328586097,-0.05156613753184852,0.01587806467805014,0.0267856664919763,0.0,0.49009711930231303,F,3
14.650000000000073,-0.005925404683108593,0.10993438318844789,-0.03385061751375232,-0.08049836628041263,-0.05164349488404607,0.015901884287926327,0.026457477042318548,0.0,0.4900930894073106,F,3
14.700000000000074,-0.009950045863692678,0.1073484278043697,-0.033054359177720524,-0.0804928236116817,-0.051719107681563736,0.015925166720635875,0.026133311375778727,0.0,0.4900894553513469,F,3
14.750000000000075,-0.01397422150556453,0.10475877935785392,-0.03225696368659149,-0.08048351283743704,-0.05179296893031565,0.015947909822580653,0.025813119867311662,0.0,0.4900862180405706,F,3
14.800000000000075,-0.017997743112376036,0.10216552576284688,-0.0314584581105196,-0.08047043213623012,-0.05186507190014095,0.01597011152143779,0.025496853510021695,0.0,0.49008337826546294,F,3
14.850000000000076,-0.022020422127816353,0.09956875525648713,-0.030658869619175605,-0.08045358030880634,-0.05193541012719488,0.015991769826879942,0.025184463907438417,0.0,0.49008093670034963,F,3
14.900000000000077,-0.026042069966775522,0.0969685563856761,-0.029858225477611383,-0.08043295677918338,-0.05200397741622065,0.016012882831284436,0.024875903265887078,0.0,0.49007889390298726,F,3
14.950000000000077,-0.03006249804654791,0.09436501799354281,-0.029056553042092176,-0.08040856159544779,-0.05207076784266573,0.016033448710384146,0.024571124386952487,0.0,0.49007725031422383,F,3
